부산광역시 강서구 명지동,e편한세상명지,명지국제2로 80
부산광역시 강서구 명지동,극동스타클래스,명지오션시티2로 71
부산광역시 강서구 명지동,더샵명지퍼스트월드2단지,명지국제7로 37
부산광역시 강서구 명지동,더샵명지퍼스트월드2단지,명지국제7로 37
부산광역시 강서구 명지동,더샵명지퍼스트월드2단지,명지국제7로 37
부산광역시 강서구 명지동,더샵명지퍼스트월드3단지,명지국제2로 41
부산광역시 강서구 명지동,더샵명지퍼스트월드3단지,명지국제2로 41
부산광역시 강서구 명지동,더힐시그니처,명지국제7로 110
부산광역시 강서구 명지동,더힐시그니처,명지국제7로 110
부산광역시 강서구 명지동,명지국제신도시삼정그린코아더베스트,명지국제3로 97
부산광역시 강서구 명지동,명지국제신도시호반베르디움1차,명지국제5로 29
부산광역시 강서구 명지동,명지대방노블랜드오션뷰1차,명지국제5로 30
부산광역시 강서구 명지동,명지대방노블랜드오션뷰2차,명지국제5로 11
부산광역시 강서구 명지동,명지대방노블랜드오션뷰2차,명지국제5로 11
부산광역시 강서구 명지동,명지대방노블랜드오션뷰2차,명지국제5로 11
부산광역시 강서구 명지동,명지더웨스턴,명지국제7로 111
부산광역시 강서구 명지동,명지더웨스턴,명지국제7로 111
부산광역시 강서구 명지동,부산명지중흥S-클래스에듀오션,명지국제5로 90
부산광역시 강서구 명지동,에일린의 뜰,명지국제5로 60
부산광역시 강서구 명지동,에일린의 뜰,명지국제5로 60
부산광역시 강서구 명지동,엘크루블루오션,명지오션시티6로 33
부산광역시 강서구 명지동,퀸덤1차아인슈타인타운,명지오션시티11로 51
부산광역시 금정구 구서동,구서SKVIEW1단지,금샘로246번길 18
부산광역시 금정구 구서동,구서동롯데캐슬골드1단지(1051),금강로 502
부산광역시 금정구 구서동,선경2,구서중앙로 20
부산광역시 금정구 부곡동,장전서희스타힐스,부곡온천천로 170
부산광역시 금정구 장전동,금정산2차쌍용예가,수림로72번길 21
부산광역시 금정구 장전동,금정산2차쌍용예가,수림로72번길 21
부산광역시 금정구 장전동,금정산2차쌍용예가,수림로72번길 21
부산광역시 금정구 장전동,래미안장전,금정로 20
부산광역시 금정구 장전동,래미안장전,금정로 20
부산광역시 금정구 장전동,래미안장전,금정로 20
부산광역시 금정구 장전동,래미안장전,금정로 20
부산광역시 금정구 장전동,래미안장전,금정로 20
부산광역시 금정구 장전동,래미안장전,금정로 20
부산광역시 금정구 장전동,래미안장전,금정로 20
부산광역시 금정구 장전동,래미안장전,금정로 20
부산광역시 금정구 장전동,래미안장전,금정로 20
부산광역시 금정구 장전동,래미안장전,금정로 20
부산광역시 금정구 장전동,래미안장전,금정로 20
부산광역시 금정구 장전동,래미안장전,금정로 20
부산광역시 금정구 장전동,래미안장전,금정로 20
부산광역시 금정구 장전동,래미안장전,금정로 20
부산광역시 금정구 장전동,래미안장전,금정로 20
부산광역시 금정구 장전동,래미안장전,금정로 20
부산광역시 금정구 장전동,래미안장전,금정로 20
부산광역시 금정구 장전동,래미안장전,금정로 20
부산광역시 금정구 장전동,래미안장전,금정로 20
부산광역시 금정구 장전동,래미안장전,금정로 20
부산광역시 금정구 장전동,벽산블루밍장전디자인시티2단지,금강로 225
부산광역시 금정구 장전동,벽산블루밍장전디자인시티2단지,금강로 225
부산광역시 금정구 장전동,벽산블루밍장전디자인시티2단지,금강로 225
부산광역시 금정구 장전동,장전동금정산SKVIEW,식물원로 64
부산광역시 금정구 장전동,장전동금정산SKVIEW,식물원로 64
부산광역시 금정구 청룡동,금정산경동메르빌아파트,청룡예전로 100-12
부산광역시 기장군 일광읍 삼성리,e편한세상일광,해빛2로 21
부산광역시 기장군 일광읍 삼성리,일광신도시비스타동원1차,해빛2로 24
부산광역시 기장군 일광읍 삼성리,일광자이푸르지오2단지,해빛로 29
부산광역시 기장군 일광읍 삼성리,일광자이푸르지오2단지,해빛로 29
부산광역시 기장군 일광읍 삼성리,일광자이푸르지오2단지,해빛로 29
부산광역시 남구 대연동,대연SKVIEWHills,수영로 261
부산광역시 남구 대연동,대연SKVIEWHills,수영로 261
부산광역시 남구 대연동,대연롯데캐슬,수영로325번길 61
부산광역시 남구 대연동,대연롯데캐슬,수영로325번길 61
부산광역시 남구 대연동,대연롯데캐슬,수영로325번길 61
부산광역시 남구 대연동,대연롯데캐슬,수영로325번길 61
부산광역시 남구 대연동,대연롯데캐슬,수영로325번길 61
부산광역시 남구 대연동,대연롯데캐슬레전드1단지,수영로 135
부산광역시 남구 대연동,대연롯데캐슬레전드1단지,수영로 135
부산광역시 남구 대연동,대연롯데캐슬레전드1단지,수영로 135
부산광역시 남구 대연동,대연롯데캐슬레전드1단지,수영로 135
부산광역시 남구 대연동,대연롯데캐슬레전드1단지,수영로 135
부산광역시 남구 대연동,대연롯데캐슬레전드1단지,수영로 135
부산광역시 남구 대연동,대연롯데캐슬레전드1단지,수영로 135
부산광역시 남구 대연동,대연롯데캐슬레전드1단지,수영로 135
부산광역시 남구 대연동,대연롯데캐슬레전드2단지,수영로 135
부산광역시 남구 대연동,대연롯데캐슬레전드2단지,수영로 135
부산광역시 남구 대연동,대연자이,유엔로 246
부산광역시 남구 대연동,대연자이,유엔로 246
부산광역시 남구 대연동,대연힐스테이트푸르지오,수영로 345
부산광역시 남구 대연동,부산대연동푸르지오,수영로325번길 12
부산광역시 남구 문현동,베스티움,고동골로 29
부산광역시 남구 문현동,삼성,전포대로20번길 15
부산광역시 남구 용호동,GS하이츠자이,신선로 566
부산광역시 남구 용호동,GS하이츠자이,신선로 566
부산광역시 남구 용호동,GS하이츠자이,신선로 566
부산광역시 남구 용호동,GS하이츠자이,신선로 566
부산광역시 남구 용호동,더블유,분포로 145
부산광역시 남구 용호동,더블유,분포로 145
부산광역시 남구 용호동,엘지메트로시티4-2(230~238),분포로 113
부산광역시 남구 용호동,엘지메트로시티4-2(230~238),분포로 113
부산광역시 남구 용호동,오륙도에스케이뷰,오륙도로 85
부산광역시 남구 용호동,오륙도에스케이뷰,오륙도로 85
부산광역시 남구 용호동,오륙도에스케이뷰,오륙도로 85
부산광역시 남구 용호동,오륙도에스케이뷰,오륙도로 85
부산광역시 남구 용호동,오륙도에스케이뷰,오륙도로 85
부산광역시 남구 용호동,오륙도에스케이뷰,오륙도로 85
부산광역시 동구 범일동,한양아파트,조방로26번길 17
부산광역시 동구 초량동,e편한세상부산항,홍곡로 50
부산광역시 동구 초량동,범양레우스센트럴베이,초량중로 114
부산광역시 동래구 낙민동,포레나동래,온천천로339번길 51
부산광역시 동래구 낙민동,포레나동래,온천천로339번길 51
부산광역시 동래구 낙민동,한신1,낙민로 7
부산광역시 동래구 낙민동,한일유앤아이,온천천로339번길 28
부산광역시 동래구 명륜동,동래센트럴파크하이츠1차,문화로 15
부산광역시 동래구 명륜동,동래센트럴파크하이츠2차,문화로 33
부산광역시 동래구 명륜동,동래센트럴파크하이츠2차,문화로 33
부산광역시 동래구 명륜동,명륜동힐스테이트,명륜로 222
부산광역시 동래구 명륜동,명륜동힐스테이트,명륜로 222
부산광역시 동래구 명륜동,명륜아이파크1단지,명륜로 170
부산광역시 동래구 명륜동,명륜아이파크1단지,명륜로 170
부산광역시 동래구 명륜동,명륜아이파크1단지,명륜로 170
부산광역시 동래구 명륜동,명륜아이파크1단지,명륜로 170
부산광역시 동래구 명륜동,명륜아이파크1단지,명륜로 170
부산광역시 동래구 명륜동,명륜아이파크1단지,명륜로 170
부산광역시 동래구 명륜동,명륜한신,동래로57번길 4
부산광역시 동래구 명장동,e편한세상동래명장1단지,명장로 65
부산광역시 동래구 명장동,e편한세상동래명장1단지,명장로 65
부산광역시 동래구 사직동,사직2차쌍용예가,쇠미로40번길 55
부산광역시 동래구 사직동,사직KCC스위첸1단지,사직북로 64
부산광역시 동래구 사직동,사직KCC스위첸2단지,사직북로 64
부산광역시 동래구 사직동,사직롯데캐슬더클래식,아시아드대로146번길 1
부산광역시 동래구 사직동,사직롯데캐슬더클래식,아시아드대로146번길 1
부산광역시 동래구 사직동,사직롯데캐슬더클래식,아시아드대로146번길 1
부산광역시 동래구 사직동,사직쌍용예가,사직로 80
부산광역시 동래구 사직동,사직쌍용예가,사직로 80
부산광역시 동래구 사직동,쌍용더플래티넘사직아시아드아파트,아시아드대로134번길 14
부산광역시 동래구 사직동,쌍용더플래티넘사직아시아드아파트,아시아드대로134번길 14
부산광역시 동래구 사직동,쌍용더플래티넘사직아시아드아파트,아시아드대로134번길 14
부산광역시 동래구 안락동,안락경동리인,충렬대로446번길 67
부산광역시 동래구 온천동,동래대우,충렬대로140번길 41
부산광역시 동래구 온천동,반도보라스카이뷰,아시아드대로 234
부산광역시 동래구 온천동,삼익,금강로 28
부산광역시 동래구 온천동,온천화신아파트,쇠미로235번길 9
부산광역시 부산진구 개금동,개금역금강펜테리움더스퀘어아파트,가야대로 450
부산광역시 부산진구 개금동,개금역금강펜테리움더스퀘어아파트,가야대로 450
부산광역시 부산진구 개금동,개금역금강펜테리움더스퀘어아파트,가야대로 450
부산광역시 부산진구 당감동,국제프라자,백양관문로 101
부산광역시 부산진구 당감동,태화현대1,가야대로 635-20
부산광역시 부산진구 범전동,삼한골든뷰센트럴파크,중앙대로 821
부산광역시 부산진구 범전동,삼한골든뷰센트럴파크,중앙대로 821
부산광역시 부산진구 범전동,삼한골든뷰센트럴파크,중앙대로 821
부산광역시 부산진구 범전동,삼한골든뷰센트럴파크,중앙대로 821
부산광역시 부산진구 부암동,서면동일파크스위트3차,동평로 162
부산광역시 부산진구 부전동,더샵센트럴스타,중앙대로666번길 50
부산광역시 부산진구 부전동,더샵센트럴스타,중앙대로666번길 50
부산광역시 부산진구 연지동,연지자이2차,초연로 11
부산광역시 부산진구 연지동,한신타워,성지로61번길 30
부산광역시 부산진구 전포동,서면아이파크1단지,동성로 50
부산광역시 부산진구 전포동,서면아이파크1단지,동성로 50
부산광역시 부산진구 전포동,서면아이파크1단지,동성로 50
부산광역시 부산진구 초읍동,포레나부산초읍,초연로 6
부산광역시 북구 구포동,구포동원로얄듀크비스타,낙동대로1738번길 10
부산광역시 북구 화명동,e편한세상화명힐스,화명대로 68
부산광역시 북구 화명동,e편한세상화명힐스,화명대로 68
부산광역시 북구 화명동,e편한세상화명힐스,화명대로 68
부산광역시 북구 화명동,대우이안,화명신도시로 145
부산광역시 북구 화명동,대우이안,화명신도시로 145
부산광역시 북구 화명동,대우이안,화명신도시로 145
부산광역시 북구 화명동,롯데낙천대,화명신도시로 156
부산광역시 북구 화명동,롯데낙천대,화명신도시로 156
부산광역시 북구 화명동,화명롯데캐슬카이저,금곡대로 166
부산광역시 북구 화명동,화명롯데캐슬카이저,금곡대로 166
부산광역시 북구 화명동,화명롯데캐슬카이저,금곡대로 166
부산광역시 사하구 괴정동,괴정자유2차,승학로233번길 50
부산광역시 사하구 괴정동,괴정협성휴포레아파트,사하로 183
부산광역시 사하구 괴정동,사하역비스타동원,낙동대로 280
부산광역시 사하구 괴정동,자유,낙동대로 263
부산광역시 사하구 당리동,당리푸르지오,승학로71번길 30
부산광역시 사하구 당리동,당리푸르지오,승학로71번길 30
부산광역시 사하구 하단동,가락타운2,하신번영로 233
부산광역시 서구 동대신동2가,삼익,대영로73번길 39
부산광역시 서구 서대신동1가,대신푸르지오1차,대영로38번길 11
부산광역시 서구 암남동,송도탑스빌,충무대로 56
부산광역시 서구 암남동,힐스테이트이진베이시티아파트,송도해변로 192
부산광역시 서구 암남동,힐스테이트이진베이시티아파트,송도해변로 192
부산광역시 서구 암남동,힐스테이트이진베이시티아파트,송도해변로 192
부산광역시 수영구 광안동,광안더샵,수영로 506
부산광역시 수영구 광안동,광안더샵,수영로 506
부산광역시 수영구 광안동,광안자이,호암로29번길 50
부산광역시 수영구 남천동,뉴비치,광안해변로15번길 68
부산광역시 수영구 남천동,삼익비치,광안해변로 100
부산광역시 수영구 남천동,삼익비치,광안해변로 100
부산광역시 수영구 남천동,삼익비치,광안해변로 100
부산광역시 수영구 남천동,삼익비치,광안해변로 100
부산광역시 수영구 남천동,삼익비치,광안해변로 100
부산광역시 수영구 남천동,삼익비치,광안해변로 100
부산광역시 수영구 남천동,삼익비치,광안해변로 100
부산광역시 수영구 남천동,엑슬루타워,황령대로473번길 15
부산광역시 수영구 민락동,광안현대하이페리온,광남로223번길 31
부산광역시 수영구 민락동,부산더샵센텀포레,수영로 776
부산광역시 수영구 민락동,센텀비스타동원,수영로 754
부산광역시 수영구 민락동,센텀비스타동원,수영로 754
부산광역시 수영구 민락동,센텀비스타동원,수영로 754
부산광역시 수영구 민락동,센텀비스타동원2차,무학로63번길 142
부산광역시 수영구 민락동,센텀비치푸르지오,광안해변로 418
부산광역시 수영구 민락동,수영만아이파크,광안해변로 448
부산광역시 수영구 수영동,현대,수영로741번길 20
부산광역시 연제구 거제동,거제2차현대홈타운,법원북로 16
부산광역시 연제구 거제동,거제센트럴자이,법원북로 93
부산광역시 연제구 거제동,연제그린타워,거제천로87번길 30
부산광역시 연제구 연산동,e편한세상연산더퍼스트,반송로 40
부산광역시 연제구 연산동,더샵파크시티,안연로 33
부산광역시 연제구 연산동,더샵파크시티,안연로 33
부산광역시 연제구 연산동,더샵파크시티,안연로 33
부산광역시 연제구 연산동,브라운스톤연제1단지,연제로8번길 29
부산광역시 연제구 연산동,브라운스톤연제1단지,연제로8번길 29
부산광역시 연제구 연산동,시청역비스타동원,연제로 30
부산광역시 연제구 연산동,연산더샵,연수로 130
부산광역시 연제구 연산동,연산더샵,연수로 130
부산광역시 연제구 연산동,연산더샵,연수로 130
부산광역시 연제구 연산동,연산롯데캐슬골드포레,황령산로 615
부산광역시 연제구 연산동,연산롯데캐슬골드포레,황령산로 615
부산광역시 연제구 연산동,연산자이,과정로343번길 43
부산광역시 연제구 연산동,연제롯데캐슬데시앙,월드컵대로 55
부산광역시 연제구 연산동,연제롯데캐슬데시앙,월드컵대로 55
부산광역시 연제구 연산동,연제롯데캐슬데시앙,월드컵대로 55
부산광역시 영도구 청학동,영도신도브래뉴,태종로 260
부산광역시 해운대구 반여동,메가센텀한화꿈에그린,반여로 67
부산광역시 해운대구 반여동,센텀롯데캐슬아파트,반여로 133
부산광역시 해운대구 반여동,아시아선수촌아파트,선수촌로 122
부산광역시 해운대구 우동,경남마리나,해운대해변로 99
부산광역시 해운대구 우동,경동,해운대해변로 85
부산광역시 해운대구 우동,대우마리나3,해운대해변로 115
부산광역시 해운대구 우동,동부올림픽타운,해운대로 428
부산광역시 해운대구 우동,동부올림픽타운,해운대로 428
부산광역시 해운대구 우동,동부올림픽타운,해운대로 428
부산광역시 해운대구 우동,벽산금호,우동1로85번길 17
부산광역시 해운대구 우동,센텀두산위브,해운대로383번길 93
부산광역시 해운대구 우동,센텀센시빌,해운대로 284
부산광역시 해운대구 우동,해운대 I PARK,마린시티2로 38
부산광역시 해운대구 우동,해운대 I PARK,마린시티2로 38
부산광역시 해운대구 우동,해운대 I PARK,마린시티2로 38
부산광역시 해운대구 우동,해운대 I PARK,마린시티2로 38
부산광역시 해운대구 우동,해운대경동제이드,해운대해변로 197
부산광역시 해운대구 우동,해운대센텀미진이지비아아파트,해운대로394번길 17
부산광역시 해운대구 우동,해운대자이1단지,해운대로 435
부산광역시 해운대구 우동,해운대자이2차1단지,해운대로469번길 110
부산광역시 해운대구 우동,해운대한신휴플러스,해운대로 550
부산광역시 해운대구 재송동,더샵센텀파크1차,센텀중앙로 145
부산광역시 해운대구 재송동,센텀동부센트레빌,해운대로161번길 12
부산광역시 해운대구 재송동,센텀동부센트레빌,해운대로161번길 12
부산광역시 해운대구 재송동,센텀천일스카이원,해운대로 265
부산광역시 해운대구 좌동,대우,세실로 19
부산광역시 해운대구 좌동,대우2,좌동순환로 275
부산광역시 해운대구 좌동,두산1차,양운로 182
부산광역시 해운대구 좌동,두산1차,양운로 182
부산광역시 해운대구 중동,엘시티,달맞이길 30
부산광역시 해운대구 중동,해운대래미안,좌동순환로 402
부산광역시 해운대구 중동,해운대래미안,좌동순환로 402
부산광역시 해운대구 중동,해운대힐스테이트위브,좌동순환로433번길 30
부산광역시 해운대구 중동,해운대힐스테이트위브,좌동순환로433번길 30
부산광역시 해운대구 중동,해운대힐스테이트위브,좌동순환로433번길 30
